{
	"format_version": "1.8.0",
	"animations": {
		"animation.mimic.getup": {
			"animation_length": 1.12,
			"bones": {
				"Body": {
					"rotation": {
						"0.0": {
							"post": [0, 0, 0],
							"lerp_mode": "catmullrom"
						},
						"0.16": {
							"post": [7, 0, -1.17],
							"lerp_mode": "catmullrom"
						},
						"0.4": {
							"post": [-2, 0, 0.5],
							"lerp_mode": "catmullrom"
						},
						"0.52": [6, 0, 0],
						"0.76": {
							"pre": [-0.5, 0, 0],
							"post": [-0.5, 0, 0],
							"lerp_mode": "catmullrom"
						},
						"1.04": {
							"post": [0, 0, 0],
							"lerp_mode": "catmullrom"
						}
					},
					"position": {
						"0.0": {
							"post": [0, 0, 0],
							"lerp_mode": "catmullrom"
						},
						"0.32": {
							"post": [0, 4, 0],
							"lerp_mode": "catmullrom"
						},
						"0.48": {
							"post": [0, 2, 0],
							"lerp_mode": "catmullrom"
						},
						"0.6": [0, 3, 0]
					}
				},
				"lid": {
					"rotation": {
						"0.24": [0, 0, 0],
						"0.44": {
							"pre": [-4.5, 0, 0],
							"post": [-4.5, 0, 0],
							"lerp_mode": "catmullrom"
						},
						"0.64": [0, 0, 0]
					}
				},
				"right_leg": {
					"rotation": [0, 0, 0],
					"position": {
						"0.0": [0, 0, 0],
						"0.56": [0, 0, 0]
					}
				},
				"left_leg": {
					"position": {
						"0.0": [0, 0, 0],
						"0.56": [0, 0, 0]
					}
				}
			}
		},
		"animation.locked.mimic.getup": {
			"animation_length": 1.12,
			"bones": {
				"Body": {
					"rotation": {
						"0.0": {
							"post": [0, 0, 0],
							"lerp_mode": "catmullrom"
						},
						"0.16": {
							"post": [7, 0, -1.17],
							"lerp_mode": "catmullrom"
						},
						"0.4": {
							"post": [-2, 0, 0.5],
							"lerp_mode": "catmullrom"
						},
						"0.52": [6, 0, 0],
						"0.76": {
							"pre": [-0.5, 0, 0],
							"post": [-0.5, 0, 0],
							"lerp_mode": "catmullrom"
						},
						"1.04": {
							"post": [0, 0, 0],
							"lerp_mode": "catmullrom"
						}
					},
					"position": {
						"0.0": {
							"post": [0, 0, 0],
							"lerp_mode": "catmullrom"
						},
						"0.32": {
							"post": [0, 4, 0],
							"lerp_mode": "catmullrom"
						},
						"0.48": {
							"post": [0, 2, 0],
							"lerp_mode": "catmullrom"
						},
						"0.6": [0, 3, 0]
					}
				},
				"lid": {
					"rotation": {
						"0.24": [0, 0, 0],
						"0.44": {
							"pre": [-4.5, 0, 0],
							"post": [-4.5, 0, 0],
							"lerp_mode": "catmullrom"
						},
						"0.64": [0, 0, 0]
					}
				},
				"right_leg": {
					"rotation": [0, 0, 0],
					"position": {
						"0.0": [0, 0, 0],
						"0.56": [0, 0, 0]
					}
				},
				"left_leg": {
					"position": {
						"0.0": [0, 0, 0],
						"0.56": [0, 0, 0]
					}
				},
				"lidlock": {
					"position": [0, 0, -1]
				},
				"normalknob": {
					"position": [0, 0, 1]
				}
			}
		},
		"animation.locked.mimic.chest.open": {
			"animation_length": 660.68,
			"bones": {
				"lid": {
					"rotation": {
						"0.0": [0, 0, 0],
						"0.28": [-39.5, 0, 0]
					}
				},
				"tongue": {
					"rotation": {
						"0.0": [0, 0, 0],
						"0.2": [-17.5, 0, 0],
						"0.36": [0, 0, 0],
						"0.48": [-3, 0, 0],
						"0.56": [0, 0, 0]
					}
				},
				"lidlock": {
					"position": [0, 0, -1]
				},
				"normalknob": {
					"position": [0, 0, 1]
				}
			}
		},
		"animation.mimic.chest.open": {
			"animation_length": 660.68,
			"bones": {
				"lid": {
					"rotation": {
						"0.0": [0, 0, 0],
						"0.28": [-39.5, 0, 0]
					}
				},
				"tongue": {
					"rotation": {
						"0.0": [0, 0, 0],
						"0.2": [-17.5, 0, 0],
						"0.36": [0, 0, 0],
						"0.48": [-3, 0, 0],
						"0.56": [0, 0, 0]
					}
				}
			}
		},
		"animation.stoodup.mimic.chest.open": {
			"animation_length": 0.68,
			"bones": {
				"lid": {
					"rotation": {
						"0.0": [0, 0, 0],
						"0.28": [-39.5, 0, 0]
					}
				},
				"tongue": {
					"rotation": {
						"0.0": [0, 0, 0],
						"0.2": [-17.5, 0, 0],
						"0.36": [0, 0, 0],
						"0.48": [-3, 0, 0],
						"0.56": [0, 0, 0]
					}
				},
				"Body": {
					"position": [0, 3, 0]
				}
			}
		},
		"animation.locked.mimic.chest.close": {
			"animation_length": 0.52,
			"bones": {
				"lid": {
					"rotation": {
						"0.0": [-39.5, 0, 0],
						"0.28": [0, 0, 0],
						"0.36": [-4, 0, 0],
						"0.4": [0, 0, 0]
					}
				},
				"lidlock": {
					"position": [0, 0, -1]
				},
				"normalknob": {
					"position": [0, 0, 1]
				}
			}
		},
		"animation.stoodup.mimic.chest.close": {
			"animation_length": 0.52,
			"bones": {
				"lid": {
					"rotation": {
						"0.0": [-39.5, 0, 0],
						"0.28": [0, 0, 0],
						"0.36": [-4, 0, 0],
						"0.4": [0, 0, 0]
					}
				},
				"Body": {
					"position": [0, 3, 0]
				}
			}
		},
		"animation.mimic.chest.close": {
			"animation_length": 0.52,
			"bones": {
				"lid": {
					"rotation": {
						"0.0": [-39.5, 0, 0],
						"0.28": [0, 0, 0],
						"0.36": [-4, 0, 0],
						"0.4": [0, 0, 0]
					}
				}
			}
		},
		"animation.locked.mimic.chest.open.idle": {
			"loop": true,
			"animation_length": 0.92,
			"bones": {
				"lid": {
					"rotation": ["easeOutSine", "easeOutSine", "easeOutSine"]
				},
				"lidlock": {
					"position": [0, 0, -1]
				},
				"normalknob": {
					"position": [0, 0, 1]
				}
			}
		},
		"animation.mimic.chest.open.idle": {
			"loop": true,
			"animation_length": 0.92,
			"bones": {
				"lid": {
					"rotation": ["easeOutSine", "easeOutSine", "easeOutSine"]
				}
			}
		},
		"animation.stoodup.mimic.chest.open.idle": {
			"loop": true,
			"animation_length": 0.92,
			"bones": {
				"lid": {
					"rotation": ["easeOutSine", "easeOutSine", "easeOutSine"]
				},
				"Body": {
					"position": [0, 3, 0]
				}
			}
		},
		"animation.mimic.chomp": {
			"animation_length": 0.68,
			"bones": {
				"lid": {
					"rotation": {
						"0.0": [0, 0, 0],
						"0.32": [-56.6, 0, 0],
						"0.4": [-64.5, 0, 0],
						"0.56": [0, 0, 0],
						"0.64": [-4, 0, 0],
						"0.68": [0, 0, 0]
					}
				},
				"tongue": {
					"rotation": {
						"0.0": [0, 0, 0],
						"0.2": [-17.5, 0, 0],
						"0.4": [0, 0, 0]
					}
				},
				"Body": {
					"rotation": {
						"0.0": [0, 0, 0],
						"0.4": [5, 0, 0],
						"0.56": [0, 0, 0]
					}
				}
			}
		},
		"animation.mimic.attack": {
			"animation_length": 1.04,
			"bones": {
				"Body": {
					"rotation": {
						"0.0": [0, 0, 0],
						"0.24": [-0.72445, -0.19411, -14.99877],
						"0.4": [-1.46446, 0.32462, 12.49585],
						"0.64": [15.94904, -0.78175, 7.45938],
						"0.88": [22.5, 0, 0],
						"1.04": [0, 0, 0]
					},
					"position": {
						"0.0": [0, 3, 0],
						"0.24": [0, 3, 0],
						"0.4": [0, 9, -1],
						"0.6": [0, 9, -3],
						"0.84": [0, 3, -2],
						"1.04": [0, 3, 0]
					}
				},
				"lid": {
					"rotation": {
						"0.0": [0, 0, 0],
						"0.24": [7.5, 0, 0],
						"0.44": [-72.5, 0, 0],
						"0.64": [-69.5, 0, 0],
						"0.76": [0, 0, 0],
						"0.84": [-4, 0, 0],
						"1.0": [0, 0, 0]
					}
				},
				"tongue": {
					"rotation": {
						"0.0": [0, 0, 0],
						"0.12": [0, 0, 0],
						"0.52": [-17.5, 0, 0],
						"0.8": [0, 0, 0]
					}
				},
				"left_leg": {
					"position": {
						"0.0": [0, 0, 0],
						"0.2": [0, 0, 0],
						"0.4": [0, 6, 0],
						"0.84": [0, 0, 0]
					}
				},
				"right_leg": {
					"position": {
						"0.0": [0, 0, 0],
						"0.2": [0, 0, 0],
						"0.4": [0, 6, 0],
						"0.84": [0, 0, 0]
					}
				}
			}
		},
		"animation.mimic.sit": {
			"animation_length": 1.04,
			"bones": {
				"Body": {
					"rotation": {
						"0.0": {
							"post": [0, 0, 0],
							"lerp_mode": "catmullrom"
						},
						"0.2": {
							"post": [7, 0, -0.1],
							"lerp_mode": "catmullrom"
						},
						"0.4": {
							"post": [-2, 0, 0.05],
							"lerp_mode": "catmullrom"
						},
						"0.52": [6, 0, 0],
						"0.76": {
							"pre": [-0.5, 0, 0],
							"post": [-0.5, 0, 0],
							"lerp_mode": "catmullrom"
						},
						"1.04": {
							"post": [0, 0, 0],
							"lerp_mode": "catmullrom"
						}
					},
					"position": {
						"0.0": [0, 3, 0],
						"0.2": {
							"pre": [0, 3, 0],
							"post": [0, 3, 0],
							"lerp_mode": "catmullrom"
						},
						"0.4": {
							"post": [0, 2, 0],
							"lerp_mode": "catmullrom"
						},
						"0.6": {
							"post": [0, 0, 0],
							"lerp_mode": "catmullrom"
						}
					}
				},
				"lid": {
					"rotation": {
						"0.24": [0, 0, 0],
						"0.44": {
							"pre": [-4.5, 0, 0],
							"post": [-4.5, 0, 0],
							"lerp_mode": "catmullrom"
						},
						"0.64": [0, 0, 0],
						"0.68": [-2, 0, 0],
						"0.84": [0, 0, 0]
					}
				}
			}
		},
		"animation.locked.mimic.sit": {
			"animation_length": 1.04,
			"bones": {
				"Body": {
					"rotation": {
						"0.0": {
							"post": [0, 0, 0],
							"lerp_mode": "catmullrom"
						},
						"0.2": {
							"post": [7, 0, -0.1],
							"lerp_mode": "catmullrom"
						},
						"0.4": {
							"post": [-2, 0, 0.05],
							"lerp_mode": "catmullrom"
						},
						"0.52": [6, 0, 0],
						"0.76": {
							"pre": [-0.5, 0, 0],
							"post": [-0.5, 0, 0],
							"lerp_mode": "catmullrom"
						},
						"1.04": {
							"post": [0, 0, 0],
							"lerp_mode": "catmullrom"
						}
					},
					"position": {
						"0.0": [0, 3, 0],
						"0.2": {
							"pre": [0, 3, 0],
							"post": [0, 3, 0],
							"lerp_mode": "catmullrom"
						},
						"0.4": {
							"post": [0, 2, 0],
							"lerp_mode": "catmullrom"
						},
						"0.6": {
							"post": [0, 0, 0],
							"lerp_mode": "catmullrom"
						}
					}
				},
				"lid": {
					"rotation": {
						"0.24": [0, 0, 0],
						"0.44": {
							"pre": [-4.5, 0, 0],
							"post": [-4.5, 0, 0],
							"lerp_mode": "catmullrom"
						},
						"0.64": [0, 0, 0],
						"0.68": [-2, 0, 0],
						"0.84": [0, 0, 0]
					}
				},
				"lidlock": {
					"position": [0, 0, -1]
				},
				"normalknob": {
					"position": [0, 0, 1]
				}
			}
		},
		"animation.mimic.walkcycle": {
			"loop": true,
			"animation_length": 0.72,
			"bones": {
				"Body": {
					"rotation": {
						"0.0": [0, 0, 0],
						"0.16": [-1.5, 0, 0],
						"0.36": [0, 0, 0],
						"0.52": [1.5, 0, 0],
						"0.72": [0, 0, 0]
					},
					"position": [0, 3, 0]
				},
				"base": {
					"position": {
						"0.0": [0, 0, 0],
						"0.2": [0, 0, 0]
					}
				},
				"lid": {
					"rotation": {
						"0.24": [0, 0, 0],
						"0.52": [-2.5, 0, 0],
						"0.68": [0, 0, 0]
					}
				},
				"left_leg": {
					"rotation": {
						"0.0": [0, 0, 0],
						"0.2": [20, 0, 0],
						"0.36": [0, 0, 0],
						"0.52": [-20, 0, 0],
						"0.72": [0, 0, 0]
					},
					"position": [0, -0.1, 0]
				},
				"right_leg": {
					"rotation": {
						"0.0": [0, 0, 0],
						"0.2": [-20, 0, 0],
						"0.36": [0, 0, 0],
						"0.52": [20, 0, 0],
						"0.72": [0, 0, 0]
					},
					"position": [0, -0.1, 0]
				}
			}
		},
		"animation.mimic.run": {
			"loop": true,
			"animation_length": 0.52,
			"bones": {
				"Body": {
					"rotation": {
						"0.0": [-0.43688, 4.98093, -5.019],
						"0.24": [-0.88045, -9.96156, 5.07673],
						"0.52": [-0.43688, 4.98093, -5.019]
					},
					"position": {
						"0.0": [0, 3, 0],
						"0.12": [0, 4, 0],
						"0.24": [0, 3, 0],
						"0.4": [0, 4, 0],
						"0.52": [0, 3, 0]
					}
				},
				"base": {
					"position": {
						"0.0": [0, 0, 0],
						"0.2": [0, 0, 0]
					}
				},
				"lid": {
					"rotation": {
						"0.12": [0, 0, 0],
						"0.4": [-2.5, 0, 0],
						"0.52": [0, 0, 0]
					}
				},
				"left_leg": {
					"rotation": {
						"0.0": [25, 0, 0],
						"0.24": [-27.5, 0, 0],
						"0.52": [25, 0, 0]
					},
					"position": {
						"0.0": [0, 0, 2],
						"0.12": [0, 3, 0],
						"0.24": [0, 0, -2],
						"0.52": [0, 0, 2]
					}
				},
				"right_leg": {
					"rotation": {
						"0.0": [-25, 0, 0],
						"0.24": [35, 0, 0],
						"0.52": [-25, 0, 0]
					},
					"position": {
						"0.0": [0, -0.1, -2],
						"0.24": [0, -0.1, 2],
						"0.4": [0, 2.9, -0.29],
						"0.52": [0, -0.1, -2]
					}
				}
			}
		},
		"animation.mimic.idle": {
			"loop": true,
			"animation_length": 1.2,
			"bones": {
				"Body": {
					"position": {
						"0.0": [0, 3, 0],
						"0.24": [0, 2.95, 0],
						"0.44": [0, 3.05, 0],
						"0.6": [0, 3, 0],
						"0.76": [0, 3, 0],
						"0.88": [0, 3, 0],
						"1.0": [0, 2.95, 0],
						"1.2": [0, 3, 0]
					}
				}
			}
		},
		"animation.locked.mimic.idle": {
			"loop": true,
			"animation_length": 1.2,
			"bones": {
				"Body": {
					"position": {
						"0.0": [0, 3, 0],
						"0.24": [0, 2.95, 0],
						"0.44": [0, 3.05, 0],
						"0.6": [0, 3, 0],
						"0.76": [0, 3, 0],
						"0.88": [0, 3, 0],
						"1.0": [0, 2.95, 0],
						"1.2": [0, 3, 0]
					}
				},
				"lidlock": {
					"position": [0, 0, -1]
				},
				"normalknob": {
					"position": [0, 0, 2]
				}
			}
		},
		"animation.locked.mimic.run": {
			"loop": true,
			"animation_length": 0.52,
			"bones": {
				"Body": {
					"rotation": {
						"0.0": [-0.43688, 4.98093, -5.019],
						"0.24": [-0.88045, -9.96156, 5.07673],
						"0.52": [-0.43688, 4.98093, -5.019]
					},
					"position": {
						"0.0": [0, 3, 0],
						"0.12": [0, 4, 0],
						"0.24": [0, 3, 0],
						"0.4": [0, 4, 0],
						"0.52": [0, 3, 0]
					}
				},
				"base": {
					"position": {
						"0.0": [0, 0, 0],
						"0.2": [0, 0, 0]
					}
				},
				"lid": {
					"rotation": {
						"0.12": [0, 0, 0],
						"0.4": [-2.5, 0, 0],
						"0.52": [0, 0, 0]
					}
				},
				"left_leg": {
					"rotation": {
						"0.0": [25, 0, 0],
						"0.24": [-27.5, 0, 0],
						"0.52": [25, 0, 0]
					},
					"position": {
						"0.0": [0, 0, 2],
						"0.12": [0, 3, 0],
						"0.24": [0, 0, -2],
						"0.52": [0, 0, 2]
					}
				},
				"right_leg": {
					"rotation": {
						"0.0": [-25, 0, 0],
						"0.24": [35, 0, 0],
						"0.52": [-25, 0, 0]
					},
					"position": {
						"0.0": [0, -0.1, -2],
						"0.24": [0, -0.1, 2],
						"0.4": [0, 2.9, -0.29],
						"0.52": [0, -0.1, -2]
					}
				},
				"lidlock": {
					"position": [0, 0, -1]
				},
				"normalknob": {
					"position": [0, 0, 1]
				}
			}
		},
		"animation.mimic.lock": {
			"animation_length": 1.44,
			"bones": {
				"lid": {
					"rotation": {
						"0.64": [0, 0, 0],
						"0.8": [-3, 0, 0],
						"0.96": [0, 0, 0],
						"1.12": [-2, 0, 0],
						"1.16": [0, 0, 0],
						"1.32": [-1, 0, 0],
						"1.44": [0, 0, 0]
					}
				},
				"lidlock": {
					"position": {
						"0.0": [0, 0, 0],
						"0.16": [0, 0, -1]
					}
				},
				"normalknob": {
					"position": {
						"0.0": [0, 0, 0],
						"0.16": [0, 0, 1]
					}
				}
			}
		},
		"animation.mimic.lockidle": {
			"loop": true,
			"animation_length": 0.04,
			"bones": {
				"lidlock": {
					"position": {
						"0.0": [0, 0, -1],
						"0.04": [0, 0, -1]
					}
				},
				"normalknob": {
					"position": {
						"0.0": [0, 0, 1],
						"0.04": [0, 0, 1]
					}
				}
			}
		},
		"animation.mimic.idle.chest": {
			"loop": true,
			"animation_length": 0.04,
			"bones": {
				"lidlock": {
					"position": {
						"0.0": [0, 0, 1],
						"0.04": [0, 0, 1]
					}
				},
				"normalknob": {
					"position": {
						"0.0": [0, 0, 0],
						"0.04": [0, 0, 0]
					}
				}
			}
		}
	},
	"geckolib_format_version": 2
}