{
	"format_version": "1.8.0",
	"animations": {
		"animation.brainsucker.idle": {
			"loop": true,
			"animation_length": 6,
			"bones": {
				"bodyLow": {
					"rotation": {
						"0.0": [7.5, 0, 0],
						"1.5": [12.5, 0, 0],
						"3.0": [7.5, 0, 0],
						"4.5": [12.5, 0, 0],
						"6.0": [7.5, 0, 0]
					},
					"position": {
						"0.0": [0, -3, 4],
						"1.5": [0, -2, 4],
						"3.0": [0, -3, 4],
						"4.5": [0, -2, 4],
						"6.0": [0, -3, 4]
					}
				},
				"bodyUp": {
					"rotation": {
						"0.0": [15, 0, 0],
						"1.5": [15, 0, 0],
						"3.0": [15, 0, 0],
						"4.5": [15, 0, 0],
						"6.0": [15, 0, 0]
					}
				},
				"head": {
					"rotation": {
						"0.0": [-25, 0, 0],
						"1.0": [-25, 0, 0],
						"1.75": [-26.12238, 9.15153, -9.88667],
						"2.5": [-26.32634, 5.80455, -11.03404],
						"3.4167": [-26.51751, -10.87386, -1.45166],
						"3.9167": [-26.82525, -6.53517, 3.34296],
						"6.0": [-25, 0, 0]
					}
				},
				"rightArm": {
					"rotation": {
						"0.0": [-17.5, 0, 10],
						"1.5": [-15, 0, 12.5],
						"3.0": [-17.5, 0, 10],
						"4.5": [-15, 0, 12.5],
						"6.0": [-17.5, 0, 10]
					}
				},
				"leftArm": {
					"rotation": {
						"0.0": [-17.5, 0, -20],
						"1.5": [-5, 0, -22.5],
						"3.0": [-17.5, 0, -20],
						"4.5": [-5, 0, -22.5],
						"6.0": [-17.5, 0, -20]
					}
				},
				"rightLeg": {
					"rotation": {
						"0.0": [-65, 15, 0],
						"1.5": [-62.5, 15, 0],
						"3.0": [-65, 15, 0],
						"4.5": [-62.5, 15, 0],
						"6.0": [-65, 15, 0]
					}
				},
				"leftLeg": {
					"rotation": {
						"0.0": [-70, -30, 0],
						"1.5": [-62.5, -30, 0],
						"3.0": [-70, -30, 0],
						"4.5": [-62.5, -30, 0],
						"6.0": [-70, -30, 0]
					}
				},
				"rightArmDown": {
					"rotation": {
						"0.0": [-20, 0, 0],
						"1.5": [-35, 0, 0],
						"3.0": [-20, 0, 0],
						"4.5": [-35, 0, 0],
						"6.0": [-20, 0, 0]
					}
				},
				"leftArmDown": {
					"rotation": {
						"0.0": [-47.5, 0, 0],
						"1.5": [-52.5, 0, 0],
						"3.0": [-47.5, 0, 0],
						"4.5": [-52.5, 0, 0],
						"6.0": [-47.5, 0, 0]
					}
				},
				"bodyMiddle": {
					"rotation": {
						"0.0": [7.5, 0, 0],
						"1.5": [5, 0, 0],
						"3.0": [7.5, 0, 0],
						"4.5": [5, 0, 0],
						"6.0": [7.5, 0, 0]
					}
				},
				"rightLegLow": {
					"rotation": {
						"0.0": [70, 0, 0],
						"1.5": [55, 0, 0],
						"3.0": [70, 0, 0],
						"4.5": [55, 0, 0],
						"6.0": [70, 0, 0]
					}
				},
				"leftLegLow": {
					"rotation": {
						"0.0": [70, 0, 0],
						"1.5": [52.5, 0, 0],
						"3.0": [70, 0, 0],
						"4.5": [52.5, 0, 0],
						"6.0": [70, 0, 0]
					}
				},
				"suck": {
					"position": {
						"0.0": [0, -4, 0],
						"3.0": [0, -4, 0]
					}
				},
				"suck2": {
					"position": {
						"0.0": [0, -4, 0],
						"3.0": [0, -4, 0]
					}
				},
				"suck3": {
					"position": {
						"0.0": [0, -4, 0],
						"3.0": [0, -4, 0]
					}
				},
				"suck4": {
					"position": {
						"0.0": [0, -3, 0],
						"3.0": [0, -3, 0]
					}
				},
				"suck5": {
					"position": {
						"0.0": [0, -1, 0],
						"3.0": [0, -1, 0]
					}
				},
				"suck6": {
					"position": {
						"0.0": [0, -1, 0],
						"3.0": [0, -1, 0]
					}
				},
				"dress": {
					"rotation": {
						"0.0": [-5, 0, 0],
						"3.0": [-5, 0, 0]
					}
				},
				"dressBack": {
					"rotation": {
						"0.0": [-2.5, 0, 0],
						"3.0": [-2.5, 0, 0]
					}
				}
			}
		},
		"animation.brainsucker.idle_suck": {
			"loop": true,
			"animation_length": 4,
			"bones": {
				"bodyLow": {
					"rotation": {
						"0.0": [7.5, 0, 0],
						"2.0": [7.5, 0, 0],
						"4.0": [7.5, 0, 0]
					},
					"position": {
						"0.0": [0, -3, 4],
						"1.0": [0, -2, 4],
						"2.0": [0, -3, 4],
						"3.0": [0, -2, 4],
						"4.0": [0, -3, 4]
					}
				},
				"bodyUp": {
					"rotation": {
						"0.0": [15, 0, 0],
						"1.0": [12.5, 0, 0],
						"2.0": [15, 0, 0],
						"3.0": [12.5, 0, 0],
						"4.0": [15, 0, 0]
					}
				},
				"head": {
					"rotation": {
						"0.0": [-24.81197, -3.1622, -6.80423],
						"1.5": [-24.81, -3.16, -6.8],
						"2.0": [-25.04379, 8.18129, -12.06915],
						"2.6": [-25.60799, 6.04132, -16.62339],
						"3.3": [-25.1482, -8.2557, -4.4106],
						"4.0": [-24.81197, -3.1622, -6.80423]
					}
				},
				"rightArm": {
					"rotation": {
						"0.0": [0, 0, 10],
						"1.0": [5, 0, 12.5],
						"2.0": [0, 0, 10],
						"3.0": [5, 0, 12.5],
						"4.0": [0, 0, 10]
					}
				},
				"leftArm": {
					"rotation": {
						"0.0": [-17.5, 0, -20],
						"1.0": [-5, 0, -22.5],
						"2.0": [-17.5, 0, -20],
						"3.0": [-5, 0, -22.5],
						"4.0": [-17.5, 0, -20]
					}
				},
				"rightLeg": {
					"rotation": {
						"0.0": [-65, 15, 0],
						"1.0": [-57.5, 15, 0],
						"2.0": [-65, 15, 0],
						"3.0": [-57.5, 15, 0],
						"4.0": [-65, 15, 0]
					}
				},
				"leftLeg": {
					"rotation": {
						"0.0": [-70, -30, 0],
						"1.0": [-57.5, -30, 0],
						"2.0": [-70, -30, 0],
						"3.0": [-57.5, -30, 0],
						"4.0": [-70, -30, 0]
					}
				},
				"rightArmDown": {
					"rotation": {
						"0.0": [-45, 0, 0],
						"1.0": [-60, 0, 0],
						"2.0": [-45, 0, 0],
						"3.0": [-60, 0, 0],
						"4.0": [-45, 0, 0]
					}
				},
				"leftArmDown": {
					"rotation": {
						"0.0": [-47.5, 0, 0],
						"1.0": [-52.5, 0, 0],
						"2.0": [-47.5, 0, 0],
						"3.0": [-52.5, 0, 0],
						"4.0": [-47.5, 0, 0]
					}
				},
				"bodyMiddle": {
					"rotation": {
						"0.0": [7.5, 0, 0],
						"1.0": [12.5, 0, 0],
						"2.0": [7.5, 0, 0],
						"3.0": [12.5, 0, 0],
						"4.0": [7.5, 0, 0]
					}
				},
				"rightLegLow": {
					"rotation": {
						"0.0": [70, 0, 0],
						"1.0": [55, 0, 0],
						"2.0": [70, 0, 0],
						"3.0": [55, 0, 0],
						"4.0": [70, 0, 0]
					}
				},
				"leftLegLow": {
					"rotation": {
						"0.0": [70, 0, 0],
						"1.0": [52.5, 0, 0],
						"2.0": [70, 0, 0],
						"3.0": [52.5, 0, 0],
						"4.0": [70, 0, 0]
					}
				},
				"hat": {
					"position": {
						"0.0": [0, 1, 0],
						"2.0": [0, 1, 0]
					},
					"scale": {
						"0.0": [0.6, 0.6, 0.6],
						"2.0": [0.6, 0.6, 0.6]
					}
				},
				"suck": {
					"rotation": {
						"0.0": [-7.5, 7.5, -25],
						"1.5": [-7.5, 7.5, -25],
						"2.0": [-7.46284, -4.89442, -23.37519],
						"2.5": [-7.5, 7.5, -25],
						"4.0": [-7.5, 7.5, -25]
					}
				},
				"suck2": {
					"rotation": {
						"0.0": [-5, 0, -27.5],
						"1.8": [-5, 0, -27.5],
						"2.3": [-7.90364, -19.76138, -21.32816],
						"2.8": [-5, 0, -27.5],
						"4.0": [-5, 0, -27.5]
					}
				},
				"suck3": {
					"rotation": {
						"0.0": [-10, 0, -47.5],
						"2.0": [-10, 0, -47.5],
						"2.5": [2.5, 0, -47.5],
						"3.0": [-10, 0, -47.5],
						"4.0": [-10, 0, -47.5]
					}
				},
				"suck4": {
					"rotation": {
						"0.0": [10, 0, -27.5],
						"2.0": [10, 0, -27.5]
					}
				},
				"suck5": {
					"rotation": {
						"0.0": [15, 0, -25],
						"2.0": [15, 0, -25]
					}
				},
				"suck6": {
					"rotation": {
						"0.0": [-12.5, 0, -15],
						"2.0": [-12.5, 0, -15]
					}
				},
				"dress": {
					"rotation": {
						"0.0": [-7.5, 0, 0],
						"2.0": [-7.5, 0, 0]
					}
				},
				"dressBack": {
					"rotation": {
						"0.0": [-7.5, 0, 0],
						"2.0": [-7.5, 0, 0]
					}
				}
			}
		},
		"animation.brainsucker.walk": {
			"loop": true,
			"animation_length": 1.5,
			"bones": {
				"bodyLow": {
					"rotation": {
						"0.0": [7.5, 0, 0],
						"0.8": [5, 0, 0],
						"1.5": [7.5, 0, 0]
					},
					"position": {
						"0.0": [0, -3, 4],
						"0.4": [0, -2, 4],
						"0.8": [0, -3, 4],
						"1.2": [0, -2, 4],
						"1.5": [0, -3, 4]
					}
				},
				"bodyUp": {
					"rotation": {
						"0.0": [22.5, 0, 0],
						"0.8": [25, 0, 0],
						"1.5": [22.5, 0, 0]
					}
				},
				"head": {
					"rotation": {
						"0.0": [-32.5, 0, 0],
						"0.8": [-40, 0, 7.5],
						"1.5": [-32.5, 0, 0]
					}
				},
				"rightArm": {
					"rotation": {
						"0.0": [-7.5, 0, 10],
						"0.8": [0, 0, 17.5],
						"1.5": [-7.5, 0, 10]
					}
				},
				"leftArm": {
					"rotation": {
						"0.0": [-7.5, 0, -20],
						"0.8": [-32.5, 0, -27.5],
						"1.5": [-7.5, 0, -20]
					}
				},
				"rightLeg": {
					"rotation": {
						"0.0": [-25, 15, 0],
						"0.8": [-62.83509, 2.69293, 2.08158],
						"1.5": [-25, 15, 0]
					},
					"position": {
						"0.0": [0, 0, 0],
						"0.4": [0, 1, 0],
						"0.8": [0, 0, -1],
						"1.5": [0, 0, 0]
					}
				},
				"leftLeg": {
					"rotation": {
						"0.0": [-75, -17.5, 0],
						"0.8": [-16.67275, 1.63443, -5.90557],
						"1.5": [-75, -17.5, 0]
					},
					"position": {
						"0.0": [0, 0, -1],
						"0.8": [0, 0, 0],
						"1.2": [0, 2, 0],
						"1.5": [0, 0, -1]
					}
				},
				"rightArmDown": {
					"rotation": {
						"0.0": [-57.5, 0, 0],
						"0.8": [-77.5, 0, 0],
						"1.5": [-57.5, 0, 0]
					}
				},
				"leftArmDown": {
					"rotation": {
						"0.0": [-47.5, 0, 0],
						"0.8": [-60, 0, 0],
						"1.5": [-47.5, 0, 0]
					}
				},
				"bodyMiddle": {
					"rotation": {
						"0.0": [15, 0, 0],
						"0.8": [25, 0, 0],
						"1.5": [15, 0, 0]
					}
				},
				"rightLegLow": {
					"rotation": {
						"0.0": [75, 0, 0],
						"0.8": [52.5, 0, 0],
						"1.5": [75, 0, 0]
					}
				},
				"leftLegLow": {
					"rotation": {
						"0.0": [60, 0, 0],
						"0.4": [37.5, 0, 0],
						"0.8": [80, 0, 0],
						"1.1": [76.43, 0, 0],
						"1.5": [60, 0, 0]
					}
				},
				"suck": {
					"position": [0, -4, 0],
					"scale": [0, 0, 0]
				},
				"suck2": {
					"position": [0, -4, 0],
					"scale": [0, 0, 0]
				},
				"suck3": {
					"position": [0, -4, 0],
					"scale": [0, 0, 0]
				},
				"suck4": {
					"position": [0, -3, 0],
					"scale": [1, 1, 1]
				},
				"suck5": {
					"position": [0, -1, 0],
					"scale": [0, 0, 0]
				},
				"suck6": {
					"position": [0, -1, 0],
					"scale": [0, 0, 0]
				},
				"dress": {
					"rotation": [-5, 0, 0]
				},
				"dressBack": {
					"rotation": [-2.5, 0, 0]
				},
				"hat": {
					"rotation": {
						"0.0": [0, 0, 0],
						"0.8": [0, 0, 0],
						"1.5": [0, 0, 0]
					}
				}
			}
		},
		"animation.brainsucker.walk_suck": {
			"loop": true,
			"animation_length": 1.5,
			"bones": {
				"bodyLow": {
					"rotation": {
						"0.0": [7.5, 0, 0],
						"0.8": [5, 0, 0],
						"1.5": [7.5, 0, 0]
					},
					"position": {
						"0.0": [0, -3, 4],
						"0.4": [0, -1.4, 4],
						"0.8": [0, -3, 4],
						"1.2": [0, -1.4, 4],
						"1.5": [0, -3, 4]
					}
				},
				"bodyUp": {
					"rotation": {
						"0.0": [22.5, 0, 0],
						"0.8": [25, 0, 0],
						"1.5": [22.5, 0, 0]
					}
				},
				"head": {
					"rotation": {
						"0.0": [-32.80969, -1.51267, 6.90358],
						"0.8": [-37.58425, -12.50959, 3.28889],
						"1.5": [-32.80969, -1.51267, 6.90358]
					}
				},
				"rightArm": {
					"rotation": {
						"0.0": [-15, 0, 10],
						"0.8": [-10, 0, 17.5],
						"1.5": [-15, 0, 10]
					}
				},
				"leftArm": {
					"rotation": {
						"0.0": [-17.5, 0, -20],
						"0.8": [-17.5, 0, -27.5],
						"1.5": [-17.5, 0, -20]
					}
				},
				"rightLeg": {
					"rotation": {
						"0.0": [-25, 15, 0],
						"0.8": [-62.83509, 2.69293, 2.08158],
						"1.5": [-25, 15, 0]
					},
					"position": {
						"0.0": [0, 0, 0],
						"0.4": [0, 1, 0],
						"0.8": [0, 0, -1],
						"1.5": [0, 0, 0]
					}
				},
				"leftLeg": {
					"rotation": {
						"0.0": [-75.07795, -3.50666, -4.05256],
						"0.8": [-16.67275, 1.63443, -5.90557],
						"1.5": [-75.07795, -3.50666, -4.05256]
					},
					"position": {
						"0.0": [0, 0, -1],
						"0.8": [0, 0, 0],
						"1.0": [0, 2, 0],
						"1.5": [0, 0, -1]
					}
				},
				"rightArmDown": {
					"rotation": {
						"0.0": [-20, 0, 0],
						"0.8": [-47.5, 0, 0],
						"1.5": [-20, 0, 0]
					}
				},
				"leftArmDown": {
					"rotation": {
						"0.0": [-47.5, 0, 0],
						"0.8": [-60, 0, 0],
						"1.5": [-47.5, 0, 0]
					}
				},
				"bodyMiddle": {
					"rotation": {
						"0.0": [15.76435, 8.32668, 7.48318],
						"0.7": [18.39613, 10.69987, 8.28032],
						"1.5": [15.76435, 8.32668, 7.48318]
					}
				},
				"rightLegLow": {
					"rotation": {
						"0.0": [75, 0, 0],
						"0.8": [52.5, 0, 0],
						"1.5": [75, 0, 0]
					}
				},
				"leftLegLow": {
					"rotation": {
						"0.0": [60, 0, 0],
						"0.4": [37.5, 0, 0],
						"0.8": [80, 0, 0],
						"0.9": [76.43, 0, 0],
						"1.5": [60, 0, 0]
					}
				},
				"suck": {
					"rotation": {
						"0.0": [0, 0, -22.5],
						"0.8": [20, -2.5, -10],
						"1.5": [0, 0, -22.5]
					},
					"position": {
						"0.0": [0, 1, 0],
						"0.8": [0, -0.78, 0],
						"1.5": [0, 1, 0]
					}
				},
				"suck2": {
					"rotation": {
						"0.0": [8.57, -3.57, -27.5],
						"0.2": [0, 0, -27.5],
						"1.0": [30, -12.5, -27.5],
						"1.5": [8.57, -3.57, -27.5]
					},
					"position": {
						"0.0": [0, 0.49, 0],
						"0.2": [0, 1, 0],
						"1.0": [0, -0.78, 0],
						"1.5": [0, 0.49, 0]
					}
				},
				"suck3": {
					"rotation": {
						"0.0": [11.43, -1.07, -42.86],
						"0.3": [-2.5, 0, -45],
						"1.1": [30, -2.5, -40],
						"1.5": [11.43, -1.07, -42.86]
					},
					"position": {
						"0.0": [0, -0.43, 0],
						"0.3": [0, 0, 0],
						"1.1": [0, -1, 0],
						"1.5": [0, -0.43, 0]
					}
				},
				"suck4": {
					"rotation": {
						"0.0": [4.64, 0, -45.36],
						"0.4": [-2.5, 0, -32.5],
						"1.2": [10, 0, -55],
						"1.5": [4.64, 0, -45.36]
					},
					"position": {
						"0.0": [0, 0, 0],
						"0.4": [0, 0, 0],
						"1.5": [0, 0, 0]
					}
				},
				"suck5": {
					"rotation": {
						"0.0": [19.64, 19.64, -3.21],
						"0.5": [0, 0, -17.5],
						"1.3": [27.5, 27.5, 2.5],
						"1.5": [19.64, 19.64, -3.21]
					},
					"position": {
						"0.0": [0, 0, 0],
						"0.5": [0, 0, 0],
						"1.5": [0, 0, 0]
					}
				},
				"suck6": {
					"rotation": {
						"0.0": [0, 0, 10],
						"0.7": [0, 0, -27.5],
						"1.5": [0, 0, 10]
					},
					"position": {
						"0.0": [0, 0, 0],
						"0.7": [0, 0, 0],
						"1.5": [0, 0, 0]
					}
				},
				"dress": {
					"rotation": [-5, 0, 0]
				},
				"dressBack": {
					"rotation": [-2.5, 0, 0]
				},
				"hat": {
					"rotation": {
						"0.0": [0, 0, 0],
						"0.8": [0, 0, 0],
						"1.5": [0, 0, 0]
					},
					"position": [0, 1, 0],
					"scale": [0.6, 0.6, 0.6]
				}
			}
		},
		"animation.brainsucker.attack": {
			"loop": "hold_on_last_frame",
			"animation_length": 4.5,
			"bones": {
				"bodyLow": {
					"rotation": {
						"0.0": [10.26138, 14.88341, 1.34385],
						"0.3333": [10.54349, 19.80135, 2.28936],
						"0.5": [15, 5, 0]
					},
					"position": [0, -3, 0]
				},
				"bodyMiddle": {
					"rotation": {
						"0.0": [10, 17.5, 0],
						"0.3333": [10, 22.5, 0],
						"0.5": [17.5, 2.5, 0]
					}
				},
				"bodyUp": {
					"rotation": {
						"0.0": [17.5, 2.5, 0],
						"0.3333": [17.5, 12.5, 0],
						"0.5": [30, -20, 0]
					}
				},
				"head": {
					"rotation": {
						"0.0": [-27.5, -27.5, 15],
						"0.3333": [-27.5, -32.5, 15],
						"0.5": [-37.5, 10, 2.5]
					}
				},
				"suck": {
					"position": [0, -4, 0]
				},
				"suck2": {
					"position": [0, -4, 0]
				},
				"rightArm": {
					"rotation": {
						"0.0": [-45, 12.5, 12.5],
						"0.3333": [-87.5, 67.5, 30],
						"0.5": [-115, 25, 30]
					}
				},
				"rightArmDown": {
					"rotation": {
						"0.3333": [-55, 7.5, -5],
						"0.5": [-35, -20, -15]
					}
				},
				"leftArm": {
					"rotation": {
						"0.3333": [-10, 0, -25],
						"0.5": [17.5, 0, -25]
					}
				},
				"leftArmDown": {
					"rotation": {
						"0.3333": [-72.5, 0, 0],
						"0.5": [-47.5, 0, 0]
					}
				},
				"rightLeg": {
					"rotation": {
						"0.0417": [-47.5, 27.5, 0],
						"0.3333": [-47.5, 35, 0],
						"0.5": [-42.5, 35, 0]
					}
				},
				"rightLegLow": {
					"rotation": [85, 0, 0]
				},
				"leftLeg": {
					"rotation": {
						"0.0": [-65, -12.5, 0],
						"0.3333": [-65, -15, 0],
						"0.5": [-62.5, -15, 0]
					}
				},
				"leftLegLow": {
					"rotation": [77.5, 0, 0]
				},
				"suck3": {
					"position": [0, -4, 0]
				},
				"suck4": {
					"position": [0, -3, 0]
				},
				"suck5": {
					"position": [0, -2, 0]
				},
				"suck6": {
					"position": [0, -1, 0]
				},
				"dress": {
					"rotation": [-10, 0, 0]
				},
				"dressBack": {
					"rotation": [-17.5, 0, 0]
				}
			}
		},
		"animation.brainsucker.attack_suck": {
			"loop": "hold_on_last_frame",
			"animation_length": 4.5,
			"bones": {
				"bodyLow": {
					"rotation": {
						"0.0": [10.26138, 14.88341, 1.34385],
						"0.3333": [10.54349, 19.80135, 2.28936],
						"0.5": [15, 5, 0]
					},
					"position": [0, -3, 0]
				},
				"bodyMiddle": {
					"rotation": {
						"0.0": [10, 17.5, 0],
						"0.3333": [10, 22.5, 0],
						"0.5": [17.5, 2.5, 0]
					}
				},
				"bodyUp": {
					"rotation": {
						"0.0": [17.5, 2.5, 0],
						"0.3333": [17.5, 12.5, 0],
						"0.5": [30, -20, 0]
					}
				},
				"head": {
					"rotation": {
						"0.0": [-27.5, -27.5, 15],
						"0.3333": [-27.5, -32.5, 15],
						"0.5": [-37.5, 10, 2.5]
					}
				},
				"suck": {
					"rotation": {
						"0.0": [0, 0, -15],
						"0.3333": [-14.30529, 0, -15],
						"0.5833": [8.22558, -4.94882, -15.71446]
					}
				},
				"suck2": {
					"rotation": {
						"0.3333": [0, 0, -32.5],
						"0.5": [5, 0, -32.5]
					}
				},
				"rightArm": {
					"rotation": {
						"0.0": [-45, 12.5, 12.5],
						"0.3333": [-87.5, 67.5, 30],
						"0.5": [-115, 25, 30]
					}
				},
				"rightArmDown": {
					"rotation": {
						"0.3333": [-55, 7.5, -5],
						"0.5": [-35, -20, -15]
					}
				},
				"leftArm": {
					"rotation": {
						"0.3333": [-10, 0, -25],
						"0.5": [17.5, 0, -25]
					}
				},
				"leftArmDown": {
					"rotation": {
						"0.3333": [-72.5, 0, 0],
						"0.5": [-47.5, 0, 0]
					}
				},
				"rightLeg": {
					"rotation": {
						"0.0417": [-47.5, 27.5, 0],
						"0.3333": [-47.5, 35, 0],
						"0.5": [-42.5, 35, 0]
					}
				},
				"rightLegLow": {
					"rotation": [85, 0, 0]
				},
				"leftLeg": {
					"rotation": {
						"0.0": [-65, -12.5, 0],
						"0.3333": [-65, -15, 0],
						"0.5": [-62.5, -15, 0]
					}
				},
				"leftLegLow": {
					"rotation": [77.5, 0, 0]
				},
				"suck3": {
					"rotation": {
						"0.3333": [0, 0, -37.5],
						"0.5": [12.5, 0, -37.5]
					}
				},
				"suck4": {
					"rotation": {
						"0.3333": [0, 0, -50],
						"0.5": [5, 0, -50]
					}
				},
				"suck5": {
					"rotation": [0, 0, -35]
				},
				"dress": {
					"rotation": [-10, 0, 0]
				},
				"dressBack": {
					"rotation": [-17.5, 0, 0]
				},
				"hat": {
					"position": [0, 1, 0],
					"scale": [0.1, 0.1, 0.1]
				}
			}
		},
		"animation.brainsucker.shoot": {
			"loop": "hold_on_last_frame",
			"animation_length": 4.5,
			"bones": {
				"bodyLow": {
					"rotation": [10, 7.5, 0],
					"position": [0, -3, 0]
				},
				"bodyMiddle": {
					"rotation": {
						"0.2083": [10, 22.5, 0],
						"0.2917": [7.5, 22.5, 0]
					}
				},
				"bodyUp": {
					"rotation": [17.5, 12.5, 0]
				},
				"head": {
					"rotation": [-27.5, -32.5, 15]
				},
				"suck": {
					"position": [0, -4, 0]
				},
				"suck2": {
					"position": [0, -4, 0]
				},
				"rightArm": {
					"rotation": {
						"0.0": [-35, -7.5, 20],
						"0.0833": [-70, -7.5, 20]
					}
				},
				"rightArmDown": {
					"rotation": {
						"0.0": [-65, 7.5, -5],
						"0.2083": [-130, 7.5, -5],
						"0.2917": [-55, -22.5, -5]
					}
				},
				"leftArm": {
					"rotation": {
						"0.2083": [-10, 0, -25],
						"0.2917": [0, 0, -25]
					}
				},
				"leftArmDown": {
					"rotation": [-72.5, 0, 0]
				},
				"rightLeg": {
					"rotation": {
						"0.2083": [-47.5, 35, 0],
						"0.25": [-47.5, 27.5, 0]
					}
				},
				"rightLegLow": {
					"rotation": [85, 0, 0]
				},
				"leftLeg": {
					"rotation": [-65, -15, 0]
				},
				"leftLegLow": {
					"rotation": [77.5, 0, 0]
				},
				"suck3": {
					"position": [0, -4, 0]
				},
				"suck4": {
					"position": [0, -3, 0]
				},
				"suck5": {
					"position": [0, -2, 0]
				},
				"suck6": {
					"position": [0, -1, 0]
				},
				"dress": {
					"rotation": [-10, 0, 0]
				},
				"dressBack": {
					"rotation": [-17.5, 0, 0]
				}
			}
		},
		"animation.brainsucker.shoot_suck": {
			"loop": "hold_on_last_frame",
			"animation_length": 4.5,
			"bones": {
				"bodyLow": {
					"rotation": [10, 7.5, 0],
					"position": [0, -3, 0]
				},
				"bodyMiddle": {
					"rotation": {
						"0.2083": [10, 22.5, 0],
						"0.2917": [7.5, 22.5, 0]
					}
				},
				"bodyUp": {
					"rotation": [17.5, 12.5, 0]
				},
				"head": {
					"rotation": [-27.5, -32.5, 15]
				},
				"suck": {
					"rotation": [0, 0, -32.5]
				},
				"suck2": {
					"rotation": [0, 0, -35]
				},
				"rightArm": {
					"rotation": {
						"0.0": [-22.5, -7.5, 20],
						"0.2083": [-35, -7.5, 20],
						"0.2917": [-70, -7.5, 20]
					}
				},
				"rightArmDown": {
					"rotation": {
						"0.0": [-87.5, 7.5, -5],
						"0.2083": [-130, 7.5, -5],
						"0.2917": [-55, -22.5, -5]
					}
				},
				"leftArm": {
					"rotation": {
						"0.2083": [-10, 0, -25],
						"0.2917": [12.5, 0, -25]
					}
				},
				"leftArmDown": {
					"rotation": {
						"0.2083": [-72.5, 0, 0],
						"0.2917": [-57.5, 10, 0]
					}
				},
				"rightLeg": {
					"rotation": [-47.5, 35, 0]
				},
				"rightLegLow": {
					"rotation": [85, 0, 0]
				},
				"leftLeg": {
					"rotation": [-65, -15, 0]
				},
				"leftLegLow": {
					"rotation": [77.5, 0, 0]
				},
				"suck3": {
					"rotation": [0, 0, -62.5]
				},
				"suck4": {
					"rotation": [0, 0, -35]
				},
				"suck5": {
					"rotation": [0, 0, -20]
				},
				"dress": {
					"rotation": [-10, 0, 0]
				},
				"dressBack": {
					"rotation": [-17.5, 0, 0]
				},
				"hat": {
					"position": [0, 1, 0],
					"scale": [0.6, 0.6, 0.6]
				}
			}
		},
		"animation.brainsucker.charge": {
			"loop": "hold_on_last_frame",
			"animation_length": 4.5,
			"bones": {
				"bodyLow": {
					"rotation": {
						"0.0": [7.5, 0, 0],
						"0.75": [12.5, 0, 0],
						"0.8333": [20, 0, 0]
					},
					"position": {
						"0.0": [0, -3, 4],
						"0.75": [0, -2, 4],
						"0.8333": [0, -3, 4]
					}
				},
				"bodyUp": {
					"rotation": {
						"0.0": [15, 0, 0],
						"0.75": [15, 0, 0],
						"0.8333": [22.5, 0, 0]
					}
				},
				"head": {
					"rotation": {
						"0.0": [-25, 0, 0],
						"0.75": [-40.75, -6.75, 10.25],
						"0.8333": [-42.5, -7.5, -2.5]
					}
				},
				"rightArm": {
					"rotation": {
						"0.0": [0, 0, 10],
						"0.75": [-55, 17.5, 10],
						"0.8333": [-50, 17.5, 10]
					}
				},
				"leftArm": {
					"rotation": {
						"0.0": [-17.5, 0, -20],
						"0.75": [-5, 0, -15],
						"0.8333": [12.5, 0, -25]
					}
				},
				"rightLeg": {
					"rotation": {
						"0.0": [-65, 15, 0],
						"0.75": [-62.5, 15, 0],
						"0.8333": [-77.5, 15, 0]
					}
				},
				"leftLeg": {
					"rotation": {
						"0.0": [-70, -30, 0],
						"0.75": [-62.5, -30, 0],
						"0.8333": [-75, -30, 0]
					}
				},
				"rightArmDown": {
					"rotation": {
						"0.0": [-57.5, 0, 0],
						"0.75": [-110, 0, 0],
						"0.8333": [-62.5, -27.5, -15]
					}
				},
				"leftArmDown": {
					"rotation": {
						"0.0": [-47.5, 0, 0],
						"0.75": [-52.5, 0, 0]
					}
				},
				"bodyMiddle": {
					"rotation": {
						"0.0": [7.5, 0, 0],
						"0.75": [15, 0, 0],
						"0.8333": [20, 0, 0]
					}
				},
				"rightLegLow": {
					"rotation": {
						"0.0": [70, 0, 0],
						"0.75": [55, 0, 0],
						"0.8333": [75, 0, 0]
					}
				},
				"leftLegLow": {
					"rotation": {
						"0.0": [70, 0, 0],
						"0.75": [52.5, 0, 0],
						"0.8333": [60, 0, 0]
					}
				},
				"suck": {
					"scale": [1, 0, 1]
				},
				"dress": {
					"rotation": {
						"0.0": [-5, 0, 0],
						"0.8333": [-17.5, 0, 0]
					}
				},
				"dressBack": {
					"rotation": {
						"0.0": [-2.5, 0, 0],
						"0.8333": [-17.5, 0, 0]
					}
				},
				"hat": {
					"scale": [1, 1, 1]
				}
			}
		},
		"animation.brainsucker.charge_suck": {
			"loop": "hold_on_last_frame",
			"animation_length": 4.5,
			"bones": {
				"bodyLow": {
					"rotation": {
						"0.0": [7.5, 0, 0],
						"0.75": [12.5, 0, 0],
						"0.8333": [20, 0, 0]
					},
					"position": {
						"0.0": [0, -3, 4],
						"0.75": [0, -2, 4],
						"0.8333": [0, -3, 4]
					}
				},
				"bodyUp": {
					"rotation": {
						"0.0": [15, 0, 0],
						"0.75": [15, 0, 0],
						"0.8333": [22.5, 0, 0]
					}
				},
				"head": {
					"rotation": {
						"0.0": [-25, 0, 0],
						"0.75": [-40.75, -6.75, 10.25],
						"0.8333": [-42.5, -7.5, -2.5]
					}
				},
				"rightArm": {
					"rotation": {
						"0.0": [0, 0, 10],
						"0.75": [-55, 17.5, 10],
						"0.8333": [-50, 17.5, 10]
					}
				},
				"leftArm": {
					"rotation": {
						"0.0": [-17.5, 0, -20],
						"0.75": [-5, 0, -15],
						"0.8333": [12.5, 0, -25]
					}
				},
				"rightLeg": {
					"rotation": {
						"0.0": [-65, 15, 0],
						"0.75": [-62.5, 15, 0],
						"0.8333": [-77.5, 15, 0]
					}
				},
				"leftLeg": {
					"rotation": {
						"0.0": [-70, -30, 0],
						"0.75": [-62.5, -30, 0],
						"0.8333": [-75, -30, 0]
					}
				},
				"rightArmDown": {
					"rotation": {
						"0.0": [-57.5, 0, 0],
						"0.75": [-110, 0, 0],
						"0.8333": [-62.5, -27.5, -15]
					}
				},
				"leftArmDown": {
					"rotation": {
						"0.0": [-47.5, 0, 0],
						"0.75": [-52.5, 0, 0]
					}
				},
				"bodyMiddle": {
					"rotation": {
						"0.0": [7.5, 0, 0],
						"0.75": [15, 0, 0],
						"0.8333": [20, 0, 0]
					}
				},
				"rightLegLow": {
					"rotation": {
						"0.0": [70, 0, 0],
						"0.75": [55, 0, 0],
						"0.8333": [75, 0, 0]
					}
				},
				"leftLegLow": {
					"rotation": {
						"0.0": [70, 0, 0],
						"0.75": [52.5, 0, 0],
						"0.8333": [60, 0, 0]
					}
				},
				"suck": {
					"rotation": {
						"0.0": [0, 5, -22.5],
						"0.8333": [0, -2.5, -22.5]
					}
				},
				"suck2": {
					"rotation": {
						"0.0": [0, 5, -35],
						"0.75": [-2.5, 5, -32.5],
						"0.8333": [12.5, -2.5, -32.5]
					}
				},
				"suck3": {
					"rotation": {
						"0.0": [0, 0, -40],
						"0.75": [8.5, 0, -40],
						"0.8333": [15, 0, -40]
					}
				},
				"suck4": {
					"rotation": {
						"0.0": [0, 0, -47.5],
						"0.75": [0, 0, -42.5],
						"0.8333": [7.5, 12.5, -42.5]
					}
				},
				"suck5": {
					"rotation": {
						"0.0": [0, 0, -25],
						"0.75": [0, 0, -24],
						"0.8333": [0, 0, -10]
					}
				},
				"suck6": {
					"rotation": {
						"0.0": [0, 0, -22.5],
						"0.75": [0, 0, -26],
						"0.8333": [0, 0, 12.5]
					}
				},
				"dress": {
					"rotation": {
						"0.0": [-5, 0, 0],
						"0.8333": [-17.5, 0, 0]
					}
				},
				"dressBack": {
					"rotation": {
						"0.0": [-2.5, 0, 0],
						"0.8333": [-17.5, 0, 0]
					}
				},
				"hat": {
					"scale": [0.6, 0.6, 0.6]
				}
			}
		},
		"animation.brainsucker.grab": {
			"loop": "hold_on_last_frame",
			"animation_length": 10,
			"bones": {
				"bodyLow": {
					"rotation": {
						"0.0": [-2.5, 0, 0],
						"0.75": [-7.5, 0, 0],
						"1.0": [5, 0, 0],
						"8.5": [5, 0, 0],
						"9.5": [2.5, 0, 0]
					},
					"position": {
						"0.75": [0, -2, 3],
						"1.0": [0, -3, -1],
						"8.5": [0, -3, -1],
						"9.5": [0, -3, 1]
					}
				},
				"bodyMiddle": {
					"rotation": {
						"0.0": [5, 7.5, 0],
						"0.75": [-12.5, 7.5, 0],
						"1.0": [22.5, 0, 0],
						"2.7917": [20, 0, 0],
						"4.0": [23.03, 0, 0],
						"5.2083": [25.39, 0, 0],
						"8.5": [22.5, 0, 0],
						"9.5": [-2.5, 0, 0]
					}
				},
				"bodyUp": {
					"rotation": {
						"0.0": [7.5, -2.5, 0],
						"0.75": [7.5, 7.5, 0],
						"1.0": [12.5, 0, 0],
						"2.7917": [10, 0, 0],
						"4.0": [20.53, 0, 0],
						"5.2083": [13.37, 0, 0],
						"8.5": [12.5, 0, 0],
						"9.5": [2.5, 0, 0]
					}
				},
				"head": {
					"rotation": {
						"0.0": [-10, 0, -5],
						"0.75": [-15, 0, 10],
						"1.0": [-40, 0, 0],
						"1.25": [-52.5, -5, -7.5],
						"1.5": [-30, -5, 5],
						"2.7917": [-26.85, -4.08, 4.08],
						"4.0": [-42.13, -3.22, 3.22],
						"5.2083": [-39.06, -2.36, 2.36],
						"8.5": [-40, 0, 0],
						"9.5": [-17.5, 0, 0]
					}
				},
				"hat": {
					"rotation": {
						"0.75": [-2.5, 0, 0],
						"1.1667": [-2.5, 0, 0]
					},
					"position": {
						"1.1667": [0, 0, 0],
						"1.25": [0, 1, 0]
					},
					"scale": {
						"1.1667": [1, 1, 1],
						"1.25": [0.6, 0.6, 0.6]
					}
				},
				"suck": {
					"rotation": {
						"1.25": [0, 0, -2.5],
						"1.5": [30, 0, -10],
						"8.5": [30, 0, -10],
						"9.5": [-2.5, 0, -15]
					},
					"position": {
						"1.125": [0, -1, 0],
						"1.25": [0, 0, 0],
						"1.5": [0, 1, 0]
					},
					"scale": {
						"1.125": [1, 0, 1],
						"1.25": [1, 1, 1],
						"1.5": [1, 1, 1],
						"1.75": [1, 1.1, 1],
						"9.5": [1, 1.2, 1]
					}
				},
				"suck2": {
					"rotation": {
						"1.25": [0, 0, -2.5],
						"1.5": [47.5, 0, -2.5],
						"8.5": [47.5, 0, -2.5],
						"9.5": [10, 0, -20]
					},
					"position": [0, 1, 0],
					"scale": {
						"1.5": [1, 1, 1],
						"1.75": [1, 0.9, 1],
						"2.7917": [1, 1, 1],
						"3.0417": [1, 0.9, 1],
						"4.0": [1, 1, 1],
						"4.25": [1, 0.9, 1],
						"5.2083": [1, 1, 1],
						"5.5": [1, 0.9, 1],
						"6.6667": [1, 1, 1],
						"6.9583": [1, 0.9, 1],
						"8.5": [1, 1, 1]
					}
				},
				"rightArm": {
					"rotation": {
						"0.0": [-15, -5, 75],
						"0.75": [2.5, 0, 95],
						"1.0": [-52.5, 7.5, 95],
						"4.0": [-52.5, 10, 97.5],
						"8.5": [-52.5, 7.5, 95],
						"9.5": [-15, 7.5, 70]
					}
				},
				"rightArmDown": {
					"rotation": {
						"0.0": [-65, 0, 0],
						"0.75": [-37.5, 0, 0],
						"1.0": [-77.5, -22.5, 0],
						"8.5": [-77.5, -22.5, 0],
						"9.5": [-35, -22.5, 0]
					}
				},
				"leftArm": {
					"rotation": {
						"0.0": [0, 5, -67.5],
						"0.75": [0, 0, -67.5],
						"1.0": [-47.5, -10, -97.5],
						"4.0": [-47.5, -15, -97.5],
						"8.5": [-47.5, -10, -97.5],
						"9.5": [2.5, -7.5, -75]
					}
				},
				"leftArmDown": {
					"rotation": {
						"0.0": [-72.5, 0, 0],
						"0.75": [-22.5, 0, 0],
						"1.0": [-72.5, 20, 0],
						"8.5": [-72.5, 20, 0],
						"9.5": [-30, 20, 0]
					}
				},
				"rightLeg": {
					"rotation": {
						"0.0": [-17.5, 40, 27.5],
						"0.75": [-10, 40, 32.5],
						"1.0": [-59.70678, -1.12883, 1.60003],
						"8.5": [-45, 32.5, 20],
						"9.5": [-30, 32.5, 25]
					}
				},
				"rightLegLow": {
					"rotation": {
						"0.75": [55, 0, 0],
						"1.0": [47.94855, -4.79759, -5.16823],
						"8.5": [50, 0, -22.5]
					}
				},
				"leftLeg": {
					"rotation": {
						"0.0": [-27.5, -32.5, -20],
						"0.75": [-20, -32.5, -20],
						"1.0": [5, -25, -2.5],
						"8.5": [5, -25, -2.5],
						"9.5": [-42.5, -40, -2.5]
					}
				},
				"leftLegLow": {
					"rotation": {
						"0.75": [55, 0, 0],
						"1.0": [47.5, 0, 0],
						"8.5": [47.5, 0, 0]
					}
				},
				"suck3": {
					"rotation": {
						"1.25": [0, 0, -5],
						"1.5": [57.5, 0, -5],
						"8.5": [57.5, 0, -5],
						"9.5": [-5, 0, -45]
					},
					"position": [0, 1, 0],
					"scale": {
						"1.5": [1, 1, 1],
						"1.75": [1, 1.1, 1],
						"2.7917": [1, 1, 1],
						"3.0417": [1, 1.1, 1],
						"4.0": [1, 1, 1],
						"4.25": [1, 1.1, 1],
						"5.2083": [1, 1, 1],
						"5.5": [1, 1.1, 1],
						"6.6667": [1, 1, 1],
						"6.9583": [1, 1.1, 1],
						"8.5": [1, 1, 1]
					}
				},
				"suck4": {
					"rotation": {
						"1.25": [0, 0, -10],
						"1.5": [72.5, 0, -5],
						"8.5": [72.5, 0, -5],
						"9.5": [-27.5, 0, -27.5]
					},
					"scale": {
						"1.5": [1, 1, 1],
						"1.75": [1, 1, 1.1],
						"2.7917": [1, 1, 1],
						"3.0417": [1, 1, 1.1],
						"4.0": [1, 1, 1],
						"4.25": [1, 1, 1.1],
						"5.2083": [1, 1, 1],
						"5.5": [1, 1, 1.1],
						"6.6667": [1, 1, 1],
						"6.9583": [1, 1, 1.1],
						"8.5": [1, 1, 1],
						"9.5": [1, 1.2, 1.1]
					}
				},
				"suck5": {
					"rotation": {
						"1.25": [0, 0, -10],
						"1.5": [20, 0, -10],
						"8.5": [20, 0, -10],
						"9.5": [20, 0, -37.5]
					},
					"scale": [1, 1, 1]
				},
				"suck6": {
					"rotation": [-35, 0, 0],
					"scale": [1, 1, 1]
				}
			}
		},
		"animation.brainsucker.grab_suck": {
			"loop": "hold_on_last_frame",
			"animation_length": 11,
			"bones": {
				"bodyLow": {
					"rotation": {
						"0.0": [-2.5, 0, 0],
						"0.75": [-7.5, 0, 0],
						"1.0": [5, 0, 0],
						"8.5": [5, 0, 0],
						"9.5": [2.5, 0, 0]
					},
					"position": {
						"0.75": [0, -2, 3],
						"1.0": [0, -3, -1],
						"8.5": [0, -3, -1],
						"9.5": [0, -3, 1]
					}
				},
				"bodyMiddle": {
					"rotation": {
						"0.0": [5, 7.5, 0],
						"0.75": [-12.5, 7.5, 0],
						"1.0": [22.5, 0, 0],
						"2.7917": [20, 0, 0],
						"4.0": [23.03, 0, 0],
						"5.2083": [25.39, 0, 0],
						"8.5": [22.5, 0, 0],
						"9.5": [-2.5, 0, 0]
					}
				},
				"bodyUp": {
					"rotation": {
						"0.0": [7.5, -2.5, 0],
						"0.75": [7.5, 7.5, 0],
						"1.0": [12.5, 0, 0],
						"2.7917": [10, 0, 0],
						"4.0": [20.53, 0, 0],
						"5.2083": [13.37, 0, 0],
						"8.5": [12.5, 0, 0],
						"9.5": [2.5, 0, 0]
					}
				},
				"head": {
					"rotation": {
						"0.0": [-10, 0, -5],
						"0.75": [-15, 0, 10],
						"1.0": [-40, 0, 0],
						"1.25": [-52.5, -5, -7.5],
						"1.5": [-30, -5, 5],
						"2.7917": [-26.85, -4.08, 4.08],
						"4.0": [-42.13, -3.22, 3.22],
						"5.2083": [-39.06, -2.36, 2.36],
						"8.5": [-40, 0, 0],
						"9.5": [-17.5, 0, 0]
					}
				},
				"hat": {
					"position": [0, 1, 0],
					"scale": [0.6, 0.6, 0.6]
				},
				"suck": {
					"rotation": {
						"0.5": [-5, 0, -20],
						"1.25": [0, 0, -2.5],
						"1.5": [30, 0, -10],
						"8.5": [30, 0, -10],
						"9.5": [-2.5, 0, -15]
					},
					"position": {
						"1.25": [0, 0, 0],
						"1.5": [0, 1, 0]
					},
					"scale": {
						"1.25": [1, 1, 1],
						"1.5": [1, 1, 1],
						"1.75": [1, 1.1, 1],
						"9.5": [1, 1.2, 1]
					}
				},
				"suck2": {
					"rotation": {
						"0.5": [-17.5, 0, -32.5],
						"1.25": [0, 0, -2.5],
						"1.5": [47.5, 0, -2.5],
						"8.5": [47.5, 0, -2.5],
						"9.5": [10, 0, -20]
					},
					"position": [0, 1, 0],
					"scale": {
						"1.5": [1, 1, 1],
						"1.75": [1, 0.9, 1],
						"2.7917": [1, 1, 1],
						"3.0417": [1, 0.9, 1],
						"4.0": [1, 1, 1],
						"4.25": [1, 0.9, 1],
						"5.2083": [1, 1, 1],
						"5.5": [1, 0.9, 1],
						"6.6667": [1, 1, 1],
						"6.9583": [1, 0.9, 1],
						"8.5": [1, 1, 1]
					}
				},
				"rightArm": {
					"rotation": {
						"0.0": [-15, -5, 75],
						"0.75": [2.5, 0, 95],
						"1.0": [-52.5, 7.5, 95],
						"4.0": [-52.5, 10, 97.5],
						"8.5": [-52.5, 7.5, 95],
						"9.5": [-15, 7.5, 70]
					}
				},
				"rightArmDown": {
					"rotation": {
						"0.0": [-65, 0, 0],
						"0.75": [-37.5, 0, 0],
						"1.0": [-77.5, -22.5, 0],
						"8.5": [-77.5, -22.5, 0],
						"9.5": [-35, -22.5, 0]
					}
				},
				"leftArm": {
					"rotation": {
						"0.0": [0, 5, -67.5],
						"0.75": [0, 0, -67.5],
						"1.0": [-47.5, -10, -97.5],
						"4.0": [-47.5, -15, -97.5],
						"8.5": [-47.5, -10, -97.5],
						"9.5": [2.5, -7.5, -75]
					}
				},
				"leftArmDown": {
					"rotation": {
						"0.75": [-72.5, 0, 0],
						"1.0": [-72.5, 20, 0],
						"8.5": [-72.5, 20, 0],
						"9.5": [-30, 20, 0]
					}
				},
				"rightLeg": {
					"rotation": {
						"0.0": [-17.5, 40, 27.5],
						"0.75": [-10, 40, 32.5],
						"1.0": [-59.70678, -1.12883, 1.60003],
						"8.5": [-45, 32.5, 20],
						"9.5": [-30, 32.5, 25]
					}
				},
				"rightLegLow": {
					"rotation": {
						"0.75": [55, 0, 0],
						"1.0": [50, 0, -22.5],
						"8.5": [50, 0, -22.5]
					}
				},
				"leftLeg": {
					"rotation": {
						"0.0": [-27.5, -32.5, -20],
						"0.75": [-20, -32.5, -20],
						"1.0": [5, -25, -2.5],
						"8.5": [5, -25, -2.5],
						"9.5": [-42.5, -40, -2.5]
					},
					"position": {
						"8.5": [0, 0, 0],
						"9.0417": [0, 1, 0],
						"9.5": [0, 0, 0]
					}
				},
				"leftLegLow": {
					"rotation": {
						"0.75": [55, 0, 0],
						"1.0": [47.5, 0, 0],
						"8.5": [47.5, 0, 0],
						"9.0833": [80, 0, 0],
						"9.5": [47.5, 0, 0]
					}
				},
				"suck3": {
					"rotation": {
						"0.5": [0, 0, -37.5],
						"1.25": [0, 0, -5],
						"1.5": [57.5, 0, -5],
						"8.5": [57.5, 0, -5],
						"9.5": [-5, 0, -45]
					},
					"position": [0, 1, 0],
					"scale": {
						"1.5": [1, 1, 1],
						"1.75": [1, 1.1, 1],
						"2.7917": [1, 1, 1],
						"3.0417": [1, 1.1, 1],
						"4.0": [1, 1, 1],
						"4.25": [1, 1.1, 1],
						"5.2083": [1, 1, 1],
						"5.5": [1, 1.1, 1],
						"6.6667": [1, 1, 1],
						"6.9167": [1, 1, 1],
						"6.9583": [1, 1.1, 1],
						"8.5": [1, 1, 1]
					}
				},
				"suck4": {
					"rotation": {
						"0.5": [0, 0, -42.5],
						"1.25": [0, 0, -10],
						"1.5": [72.5, 0, -5],
						"8.5": [72.5, 0, -5],
						"9.5": [-27.5, 0, -27.5]
					},
					"scale": {
						"1.5": [1, 1, 1],
						"1.75": [1, 1, 1.1],
						"2.7917": [1, 1, 1],
						"3.0417": [1, 1, 1.1],
						"4.0": [1, 1, 1],
						"4.25": [1, 1, 1.1],
						"5.2083": [1, 1, 1],
						"5.5": [1, 1, 1.1],
						"6.6667": [1, 1, 1],
						"6.9583": [1, 1, 1.1],
						"8.5": [1, 1, 1],
						"9.5": [1, 1.2, 1.1]
					}
				},
				"suck5": {
					"rotation": {
						"0.5": [0, 0, -27.5],
						"1.25": [0, 0, -10],
						"1.5": [20, 0, -10],
						"8.5": [20, 0, -10],
						"9.5": [20, 0, -37.5]
					},
					"scale": [1, 1, 1]
				},
				"suck6": {
					"rotation": [-35, 0, 0],
					"scale": [1, 1, 1]
				}
			}
		},
		"animation.brainsucker.transform": {
			"loop": true,
			"animation_length": 3.5,
			"bones": {
				"bodyLow": {
					"rotation": {
						"0.0": [7.5, 0, 0],
						"0.75": [12.5, 0, 0]
					},
					"position": {
						"0.0": [0, -3, 4],
						"0.75": [0, -2, 4]
					}
				},
				"bodyUp": {
					"rotation": {
						"0.0": [15, 0, 0],
						"0.75": [35, 0, 0],
						"1.0": [-2.5, 0, 0],
						"1.25": [7.5, 0, 0]
					}
				},
				"head": {
					"rotation": {
						"0.0": [-25, 0, 0],
						"0.25": [-30, 0, 0],
						"0.75": [12.5, 0, 0],
						"1.0": [-17.5, 0, -2.5],
						"1.25": [-12.5, 0, 2.5]
					}
				},
				"rightArm": {
					"rotation": {
						"0.0": [0, 0, 10],
						"0.75": [-53.47572, 10.56272, -4.3842],
						"1.0": [-33.57759, 39.50555, 40.81765],
						"1.5": [-30, 30, 12.5]
					}
				},
				"leftArm": {
					"rotation": {
						"0.0": [-17.5, 0, -20],
						"0.75": [-65, -22.5, -27.5],
						"1.0": [-31.65486, -39.87361, -52.67828],
						"1.5": [-45, -22.5, -27.5]
					}
				},
				"rightLeg": {
					"rotation": {
						"0.0": [-65, 15, 0],
						"0.75": [-62.5, 30, 0]
					}
				},
				"leftLeg": {
					"rotation": {
						"0.0": [-70, -30, 0],
						"0.75": [-62.5, -40, 0]
					}
				},
				"rightArmDown": {
					"rotation": {
						"0.0": [-57.5, 0, 0],
						"0.75": [-27.5, 0, 0],
						"1.0": [-37.5, 0, 0],
						"1.5": [-67.5, 0, 0]
					}
				},
				"leftArmDown": {
					"rotation": {
						"0.0": [-47.5, 0, 0],
						"0.75": [-7.5, 0, 0],
						"1.0": [-32.5, 0, 0],
						"1.5": [-52.5, 0, 0]
					}
				},
				"bodyMiddle": {
					"rotation": {
						"0.0": [7.5, 0, 0],
						"0.75": [28.32159, 13.27207, 7.05309],
						"1.0": [-22.5, 0, 0],
						"1.5": [-2.5, 0, 0]
					}
				},
				"rightLegLow": {
					"rotation": {
						"0.0": [70, 0, 0],
						"0.75": [55, 0, 0]
					}
				},
				"leftLegLow": {
					"rotation": {
						"0.0": [70, 0, 0],
						"0.75": [52.5, 0, 0]
					}
				},
				"suck": {
					"rotation": {
						"1.0": [0, 0, -10],
						"1.25": [0, 0, -35]
					},
					"scale": {
						"0.75": [0.5, 0, 0.3],
						"1.0": [1, 1.1, 1]
					}
				},
				"suck2": {
					"rotation": {
						"1.0": [0, 0, -22.5],
						"1.25": [0, 0, -50]
					}
				},
				"suck3": {
					"rotation": {
						"1.0": [0, 0, 7.5],
						"1.25": [0, 0, -45]
					}
				},
				"suck4": {
					"rotation": {
						"1.0": [0, 0, -12.5],
						"1.25": [0, 0, -47.5]
					}
				},
				"suck5": {
					"rotation": [0, 0, -30]
				},
				"dress": {
					"rotation": [-5, 0, 0]
				},
				"dressBack": {
					"rotation": [-2.5, 0, 0]
				},
				"hat": {
					"rotation": [0, 0, 0],
					"position": {
						"0.75": [0, 0, 0],
						"1.0": [0, 0, 0]
					},
					"scale": {
						"0.75": [1, 1, 1],
						"1.0": [0.2, 0.2, 0.2]
					}
				}
			}
		},
		"animation.brainsucker.grab_continue": {
			"animation_length": 9.33333,
			"bones": {
				"bodyLow": {
					"rotation": {
						"0.0": [5, 0, 0],
						"7.0": [5, 0, 0],
						"8.0": [2.5, 0, 0]
					},
					"position": {
						"0.0": [0, -3, 4],
						"7.0": [0, -3, 4],
						"7.6667": [0, -3, 1]
					}
				},
				"bodyMiddle": {
					"rotation": {
						"0.0": [22.5, 0, 0],
						"1.2917": [20, 0, 0],
						"2.5": [23.03, 0, 0],
						"3.7083": [25.39, 0, 0],
						"7.0": [22.5, 0, 0],
						"8.0": [-2.5, 0, 0]
					}
				},
				"bodyUp": {
					"rotation": {
						"0.0": [12.5, 0, 0],
						"1.2917": [10, 0, 0],
						"2.5": [20.53, 0, 0],
						"3.7083": [13.37, 0, 0],
						"7.0": [12.5, 0, 0],
						"8.0": [2.5, 0, 0]
					}
				},
				"head": {
					"rotation": {
						"0.0": [-30, -5, 5],
						"1.2917": [-26.85, -4.08, 4.08],
						"2.5": [-42.13, -3.22, 3.22],
						"3.7083": [-39.06, -2.36, 2.36],
						"7.0": [-40, 0, 0],
						"8.0": [-17.5, 0, 0]
					}
				},
				"hat": {
					"position": [0, 1, 0],
					"scale": [0.6, 0.6, 0.6]
				},
				"suck": {
					"rotation": {
						"0.0": [30, 0, -10],
						"7.0": [30, 0, -10],
						"8.0": [-2.5, 0, -15]
					},
					"position": [0, 1, 0],
					"scale": {
						"0.0": [1, 1, 1],
						"0.25": [1, 1.1, 1],
						"8.0": [1, 1.2, 1]
					}
				},
				"suck2": {
					"rotation": {
						"0.0": [47.5, 0, -2.5],
						"7.0": [47.5, 0, -2.5],
						"8.0": [10, 0, -20]
					},
					"scale": {
						"0.0": [1, 1, 1],
						"0.25": [1, 0.9, 1],
						"1.2917": [1, 1, 1],
						"1.5417": [1, 0.9, 1],
						"2.5": [1, 1, 1],
						"2.75": [1, 0.9, 1],
						"3.7083": [1, 1, 1],
						"4.0": [1, 0.9, 1],
						"5.1667": [1, 1, 1],
						"5.4583": [1, 0.9, 1],
						"7.0": [1, 1, 1]
					}
				},
				"suck3": {
					"rotation": {
						"0.0": [57.5, 0, -5],
						"7.0": [57.5, 0, -5],
						"8.0": [-5, 0, -45]
					},
					"scale": {
						"0.0": [1, 1, 1],
						"0.25": [1, 1.1, 1],
						"1.2917": [1, 1, 1],
						"1.5417": [1, 1.1, 1],
						"2.5": [1, 1, 1],
						"2.75": [1, 1.1, 1],
						"3.7083": [1, 1, 1],
						"4.0": [1, 1.1, 1],
						"5.1667": [1, 1, 1],
						"5.4583": [1, 1.1, 1],
						"7.0": [1, 1, 1]
					}
				},
				"suck4": {
					"rotation": {
						"0.0": [72.5, 0, -5],
						"7.0": [72.5, 0, -5],
						"8.0": [-27.5, 0, -27.5]
					},
					"scale": {
						"0.0": [1, 1, 1],
						"0.25": [1, 1, 1.1],
						"1.2917": [1, 1, 1],
						"1.5417": [1, 1, 1.1],
						"2.5": [1, 1, 1],
						"2.75": [1, 1, 1.1],
						"3.7083": [1, 1, 1],
						"4.0": [1, 1, 1.1],
						"5.1667": [1, 1, 1],
						"5.4583": [1, 1, 1.1],
						"7.0": [1, 1, 1],
						"8.0": [1, 1.2, 1.1]
					}
				},
				"suck5": {
					"rotation": {
						"0.0": [20, 0, -10],
						"7.0": [20, 0, -10],
						"8.0": [20, 0, -37.5]
					}
				},
				"suck6": {
					"rotation": [-35, 0, 0],
					"scale": [1, 1, 1]
				},
				"rightArm": {
					"rotation": {
						"0.0": [-52.5, 7.5, 95],
						"2.5": [-52.5, 10, 97.5],
						"7.0": [-52.5, 7.5, 95],
						"8.0": [-15, 7.5, 70]
					}
				},
				"rightArmDown": {
					"rotation": {
						"0.0": [-77.5, -22.5, 0],
						"7.0": [-77.5, -22.5, 0],
						"8.0": [-35, -22.5, 0]
					}
				},
				"leftArm": {
					"rotation": {
						"0.0": [-47.5, -10, -97.5],
						"2.5": [-47.5, -15, -97.5],
						"7.0": [-47.5, -10, -97.5],
						"8.0": [2.5, -7.5, -75]
					}
				},
				"leftArmDown": {
					"rotation": {
						"0.0": [-72.5, 20, 0],
						"7.0": [-72.5, 20, 0],
						"8.0": [-30, 20, 0]
					}
				},
				"rightLeg": {
					"rotation": {
						"0.0": [-45, 32.5, 20],
						"7.0": [-45, 32.5, 20],
						"8.0": [-30, 32.5, 25]
					}
				},
				"rightLegLow": {
					"rotation": {
						"0.0": [50, 0, -22.5],
						"7.0": [50, 0, -22.5]
					}
				},
				"leftLeg": {
					"rotation": {
						"0.0": [-52.5, -25, -2.5],
						"7.0": [-52.5, -25, -2.5],
						"8.0": [-42.5, -40, -2.5]
					}
				},
				"leftLegLow": {
					"rotation": {
						"0.0": [47.5, 0, 0],
						"7.0": [47.5, 0, 0]
					}
				}
			}
		},
		"animation.brainsucker.death": {
			"animation_length": 3,
			"bones": {
				"bodyLow": {
					"rotation": {
						"0.2083": [7.5, "2.5*Math.cos(query.anim_time*720)", 0],
						"0.4167": [-102.5, "0+2.5*Math.cos(query.anim_time*720)", 0],
						"0.5": [-102.5, 0, 0]
					},
					"position": {
						"0.2083": [0, -3, 1],
						"0.4167": [0, -14, -2]
					}
				},
				"bodyMiddle": {
					"rotation": {
						"0.2083": [-10, "2.5*Math.sin(query.anim_time*720)", 0],
						"0.4167": [20, "2.5*Math.sin(query.anim_time*720)", 0],
						"0.5": [10, 0, 0]
					}
				},
				"bodyUp": {
					"rotation": {
						"0.2083": [-15, "2.5*Math.cos(query.anim_time*720)", 0],
						"0.4167": [30, "0+2.5*Math.cos(query.anim_time*720)", 0],
						"0.5": [5, 0, 0]
					}
				},
				"head": {
					"rotation": {
						"0.2083": [-5, "2.5*Math.sin(query.anim_time*720)", 0],
						"0.4167": [20, "2.5*Math.sin(query.anim_time*720)", 0],
						"0.5": [-5, 2.5, 0]
					}
				},
				"hat": {
					"scale": [0, 0, 0]
				},
				"suck": {
					"rotation": {
						"0.2083": [-2.5, 0, "-20+2.5*Math.cos(query.anim_time*720)"],
						"0.4167": [17.89244, -9.08661, "6.0667+2.5*Math.cos(query.anim_time*720)"],
						"0.5": [-14.60756, -9.08661, 6.0667]
					}
				},
				"suck2": {
					"rotation": {
						"0.2083": [-15, 0, "27.5+2.5*Math.sin(query.anim_time*720)"],
						"0.4167": [5.08269, 5.52235, "-19.7546+2.5*Math.sin(query.anim_time*720)"],
						"0.5": [0.08269, 5.52235, -19.7546]
					}
				},
				"suck3": {
					"rotation": {
						"0.2083": [-15, 0, "-15+2.5*Math.cos(query.anim_time*720)"],
						"0.4167": [4.33287, -2.49762, "14.9056+2.5*Math.cos(query.anim_time*720)"]
					}
				},
				"suck4": {
					"rotation": {
						"0.2083": [-12.5, 0, "20+2.5*Math.sin(query.anim_time*720)"],
						"0.4167": [14.48174, 9.93191, "-13.7351+2.5*Math.sin(query.anim_time*720)"],
						"0.5": [4.48174, 9.93191, "-13.7351+2.5*Math.sin(query.anim_time*720)"]
					}
				},
				"suck5": {
					"rotation": {
						"0.2083": [-17.5, 0, "-17.5+2.5*Math.cos(query.anim_time*720)"],
						"0.4167": [13.57875, -11.14485, "21.1693+2.5*Math.cos(query.anim_time*720)"],
						"0.5": [-3.92125, -11.14485, 21.1693]
					}
				},
				"suck6": {
					"rotation": {
						"0.2083": [-37.5, 0, "20+2.5*Math.sin(query.anim_time*720)"],
						"0.4167": [5.54401, 5.05904, "-22.2548+2.5*Math.sin(query.anim_time*720)"]
					}
				},
				"rightArm": {
					"rotation": {
						"0.2083": [0, 25, 42.5],
						"0.4167": [-59.7748, 33.76544, 48.03485],
						"0.5": [-4.7748, 33.76544, 48.03485]
					}
				},
				"rightArmDown": {
					"rotation": {
						"0.2083": [-68.99219, 35.07264, 10.63851],
						"0.4167": [-45.43756, -0.52922, -1.9676],
						"0.5": [-0.43756, -0.52922, -1.9676]
					}
				},
				"leftArm": {
					"rotation": {
						"0.2083": [0, -25, -37.5],
						"0.4167": [-57.5, -25, -37.5],
						"0.5": [5.67848, -5.15254, -40.06907]
					}
				},
				"leftArmDown": {
					"rotation": {
						"0.2083": [-74.34557, -31.08641, -24.82171],
						"0.4167": [-58.03375, -2.10292, -4.05371],
						"0.5": [-5.53375, -2.10292, -4.05371]
					}
				},
				"rightLeg": {
					"rotation": {
						"0.2083": [-44.31081, 26.06465, 24.23178],
						"0.5": [-11.81081, 26.06465, 24.23178]
					}
				},
				"rightLegLow": {
					"rotation": {
						"0.2083": [67.5, 0, 0],
						"0.5": [92.5, 0, 0]
					}
				},
				"leftLeg": {
					"rotation": {
						"0.2083": [-51.71239, -22.22485, -16.62484],
						"0.5": [-11.71239, -22.22485, -16.62484]
					}
				},
				"leftLegLow": {
					"rotation": {
						"0.2083": [67.5, 0, 0],
						"0.5": [72.5, 0, 0]
					}
				}
			}
		}
	},
	"geckolib_format_version": 2
}