{
  "credit": "Made with Blockbench",
  "parent": "builtin/entity",
  "texture_size": [
    32,
    32
  ],
  "display": {
    "thirdperson_righthand": {
      "rotation": [90, -90, 0],
      "translation": [
        1,
        -2,
        -4
      ]
    },
    "thirdperson_lefthand": {
      "rotation": [
        90,
        -90,
        0
      ],
      "translation": [
        1,
        -2,
        12
      ]
    },
    "firstperson_righthand": {
      "rotation": [
        0,
        -14,
        -5
      ],
      "translation": [
        -4.75,
        -5,
        5
      ],
      "scale": [
        0.75,
        0.75,
        0.75
      ]
    },
    "firstperson_lefthand": {
      "rotation": [
        0,
        -14,
        -5
      ],
      "translation": [
        -4.75,
        -5,
        5
      ],
      "scale": [
        0.75,
        0.75,
        0.75
      ]
    },
    "ground": {
      "scale": [
        0.75,
        0.75,
        0.75
      ]
    },
    "gui": {
      "rotation": [
        -29,
        154,
        15
      ],
      "translation": [
        -0.75,
        -7.25,
        0
      ],
      "scale": [
        0.85,
        0.85,
        0.85
      ]
    },
    "head": {
      "rotation": [
        90,
        0,
        0
      ],
      "translation": [
        0,
        4.5,
        -8
      ]
    },
    "fixed": {
      "translation": [
        0,
        -8,
        1.75
      ]
    }
  },
  "overrides": [
        {
            "predicate": {
                "ars_nouveau:blocking": 1
            },
            "model": "ars_nouveau:item/shield_blocking"
        }
    ]
}